<!DOCTYPE struts-config PUBLIC "-//Apache Software Foundation//DTD Struts Configuration 1.1//EN" "http://jakarta.apache.org/struts/dtds/struts-config_1_1.dtd">
<struts-config>
   <data-sources />
   <form-beans >
      
      
    <form-bean name="memberInforListForm" type="fsoft.aquila.UI.MemberInforListForm" />
    <form-bean name="memberInforEditForm" type="fsoft.aquila.UI.MemberInforEditForm" />
   </form-beans>
   <global-exceptions />
   <global-forwards>
      <forward
         name="welcome"
         path="/default.do"
         redirect="true" />

   </global-forwards>

   <action-mappings>
      <action forward="/jsp/index.jsp" path="/default" unknown="true" />
      
      <action
      attribute="memberInforEditForm"
      name="memberInforEditForm"
      parameter="do"
      path="/memberInforEdit"
      scope="request"
      type="fsoft.aquila.BL.MemberInforEditAction">
      <forward name="showEdit" path="/jsp/memberInforEdit.jsp" />
      <forward
        name="showList"
        path="/memberInforList.do"
        redirect="true" />
      <forward name="showAdd" path="/jsp/memberInforAdd.jsp" />
    </action>
      <action
      attribute="memberInforListForm"
      input="/jsp/memberInforList.jsp"
      name="memberInforListForm"
      parameter="step"
      path="/memberInforList"
      scope="request"
      type="fsoft.aquila.BL.MemberInforListAction"
      validate="false">
      <forward name="showList" path="/jsp/memberInforList.jsp" />
    </action>
    
      
   </action-mappings>


   <controller bufferSize="4096" debug="0" />
   <message-resources parameter="fsoft.aquila.ApplicationResources" />
</struts-config>
